TABLE_CATALOG,TABLE_SCHEMA,TABLE_NAME,LOGICAL_NAME,TABLE_TYPE,DESCRIPTION,TAG
172.16.0.13/cobol_analysis_db,public,analysis_logs,,BASE TABLE,,
172.16.0.13/cobol_analysis_db,public,analysis_results,,BASE TABLE,,
172.16.0.13/cobol_analysis_db,public,analysis_sources,,BASE TABLE,,
172.16.0.13/cobol_analysis_db,public,analysis_tasks,,BASE TABLE,,
172.16.0.13/cobol_analysis_db,public,benchmark_master,,BASE TABLE,,
172.16.0.13/cobol_analysis_db,public,dashboard_master,,BASE TABLE,,
172.16.0.13/cobol_analysis_db,public,document_master,,BASE TABLE,,
172.16.0.13/cobol_analysis_db,public,environment_master,,BASE TABLE,,
172.16.0.13/cobol_analysis_db,public,logs,,BASE TABLE,,
172.16.0.13/cobol_analysis_db,public,metadata,,BASE TABLE,,
172.16.0.13/cobol_analysis_db,public,single_analysis_master,,BASE TABLE,,
172.16.0.13/cobol_analysis_db,public,summary_analysis_master,,BASE TABLE,,

TABLE_CATALOG,TABLE_SCHEMA,TABLE_NAME,COLUMN_NAME,LOGICAL_NAME,ORDINAL_POSITION,COLUMN_DEFAULT,IS_NULLABLE,DATA_TYPE,KEY_POSITION,DESCRIPTION
172.16.0.13/cobol_analysis_db,public,analysis_logs,id,,1,,NO,serial,,
172.16.0.13/cobol_analysis_db,public,analysis_logs,timestamp,,2,,YES,timestamp(6) without time zone,,
172.16.0.13/cobol_analysis_db,public,analysis_logs,level,,3,,YES,character varying(10),,
172.16.0.13/cobol_analysis_db,public,analysis_logs,message,,4,,YES,text,,
172.16.0.13/cobol_analysis_db,public,analysis_results,id,,1,,NO,serial,,
172.16.0.13/cobol_analysis_db,public,analysis_results,file_name,,2,,NO,text,,
172.16.0.13/cobol_analysis_db,public,analysis_results,total_lines,,3,,YES,integer,,
172.16.0.13/cobol_analysis_db,public,analysis_results,blank_lines,,4,,YES,integer,,
172.16.0.13/cobol_analysis_db,public,analysis_results,comment_lines,,5,,YES,integer,,
172.16.0.13/cobol_analysis_db,public,analysis_results,file_operations,,6,,YES,integer,,
172.16.0.13/cobol_analysis_db,public,analysis_results,loops,,7,,YES,integer,,
172.16.0.13/cobol_analysis_db,public,analysis_results,nested_levels,,8,,YES,integer,,
172.16.0.13/cobol_analysis_db,public,analysis_results,keyword_counts,,9,,YES,jsonb,,
172.16.0.13/cobol_analysis_db,public,analysis_results,variables,,10,,YES,jsonb,,
172.16.0.13/cobol_analysis_db,public,analysis_results,literals,,11,,YES,jsonb,,
172.16.0.13/cobol_analysis_db,public,analysis_results,dependencies,,12,,YES,jsonb,,
172.16.0.13/cobol_analysis_db,public,analysis_results,perform_statements,,13,,YES,jsonb,,
172.16.0.13/cobol_analysis_db,public,analysis_results,goto_statements,,14,,YES,jsonb,,
172.16.0.13/cobol_analysis_db,public,analysis_results,timestamp,,15,,NO,timestamp(6) without time zone,,
172.16.0.13/cobol_analysis_db,public,analysis_sources,source_id,,1,gen_random_uuid(),NO,uuid,1,
172.16.0.13/cobol_analysis_db,public,analysis_sources,task_id,,2,,YES,uuid,,
172.16.0.13/cobol_analysis_db,public,analysis_sources,file_path,,3,,NO,text,,
172.16.0.13/cobol_analysis_db,public,analysis_sources,file_type,,4,,NO,character varying(20),,
172.16.0.13/cobol_analysis_db,public,analysis_sources,file_hash,,5,,NO,character varying(64),,
172.16.0.13/cobol_analysis_db,public,analysis_sources,file_size,,6,,NO,bigint,,
172.16.0.13/cobol_analysis_db,public,analysis_sources,encoding,,7,,YES,character varying(20),,
172.16.0.13/cobol_analysis_db,public,analysis_sources,line_count,,8,,YES,integer,,
172.16.0.13/cobol_analysis_db,public,analysis_sources,metadata,,9,,YES,jsonb,,
172.16.0.13/cobol_analysis_db,public,analysis_sources,created_at,,10,CURRENT_TIMESTAMP,YES,timestamp(6) with time zone,,
172.16.0.13/cobol_analysis_db,public,analysis_tasks,id,,1,,NO,serial,,
172.16.0.13/cobol_analysis_db,public,analysis_tasks,task_type,,2,,NO,character varying(20),,
172.16.0.13/cobol_analysis_db,public,analysis_tasks,status,,3,,NO,character varying(20),,
172.16.0.13/cobol_analysis_db,public,analysis_tasks,target_sources,,4,,NO,jsonb,,
172.16.0.13/cobol_analysis_db,public,analysis_tasks,task_parameters,,5,,YES,jsonb,,
172.16.0.13/cobol_analysis_db,public,analysis_tasks,error_detail,,6,,YES,text,,
172.16.0.13/cobol_analysis_db,public,analysis_tasks,started_at,,7,,YES,timestamp(6) with time zone,,
172.16.0.13/cobol_analysis_db,public,analysis_tasks,completed_at,,8,,YES,timestamp(6) with time zone,,
172.16.0.13/cobol_analysis_db,public,analysis_tasks,created_at,,9,CURRENT_TIMESTAMP,YES,timestamp(6) with time zone,,
172.16.0.13/cobol_analysis_db,public,analysis_tasks,updated_at,,10,CURRENT_TIMESTAMP,YES,timestamp(6) with time zone,,
172.16.0.13/cobol_analysis_db,public,benchmark_master,id,,1,,NO,serial,,
172.16.0.13/cobol_analysis_db,public,benchmark_master,benchmark_category,,2,,NO,character varying(50),,
172.16.0.13/cobol_analysis_db,public,benchmark_master,benchmark_key,,3,,NO,character varying(50),,
172.16.0.13/cobol_analysis_db,public,benchmark_master,benchmark_value,,4,,YES,text,,
172.16.0.13/cobol_analysis_db,public,benchmark_master,benchmark_description,,5,,YES,text,,
172.16.0.13/cobol_analysis_db,public,benchmark_master,standard_type,,6,,NO,character varying(20),,
172.16.0.13/cobol_analysis_db,public,benchmark_master,update_user,,7,,YES,character varying(50),,
172.16.0.13/cobol_analysis_db,public,benchmark_master,created_at,,8,CURRENT_TIMESTAMP,YES,timestamp(6) with time zone,,
172.16.0.13/cobol_analysis_db,public,benchmark_master,updated_at,,9,CURRENT_TIMESTAMP,YES,timestamp(6) with time zone,,
172.16.0.13/cobol_analysis_db,public,dashboard_master,dashboard_id,,1,,NO,serial,1,
172.16.0.13/cobol_analysis_db,public,dashboard_master,dashboard_type,,2,,NO,character varying(50),,
172.16.0.13/cobol_analysis_db,public,dashboard_master,component_type,,3,,NO,character varying(50),,
172.16.0.13/cobol_analysis_db,public,dashboard_master,parameter_name,,4,,NO,character varying(100),,
172.16.0.13/cobol_analysis_db,public,dashboard_master,parameter_value,,5,,YES,text,,
172.16.0.13/cobol_analysis_db,public,dashboard_master,display_order,,6,,YES,integer,,
172.16.0.13/cobol_analysis_db,public,dashboard_master,is_required,,7,false,YES,boolean,,
172.16.0.13/cobol_analysis_db,public,dashboard_master,layout_config,,8,,YES,jsonb,,
172.16.0.13/cobol_analysis_db,public,dashboard_master,style_config,,9,,YES,jsonb,,
172.16.0.13/cobol_analysis_db,public,dashboard_master,description,,10,,YES,text,,
172.16.0.13/cobol_analysis_db,public,dashboard_master,is_active,,11,true,YES,boolean,,
172.16.0.13/cobol_analysis_db,public,dashboard_master,created_at,,12,CURRENT_TIMESTAMP,YES,timestamp(6) with time zone,,
172.16.0.13/cobol_analysis_db,public,dashboard_master,updated_at,,13,CURRENT_TIMESTAMP,YES,timestamp(6) with time zone,,
172.16.0.13/cobol_analysis_db,public,document_master,document_id,,1,,NO,serial,1,
172.16.0.13/cobol_analysis_db,public,document_master,document_type,,2,,NO,character varying(50),,
172.16.0.13/cobol_analysis_db,public,document_master,section_type,,3,,NO,character varying(50),,
172.16.0.13/cobol_analysis_db,public,document_master,parameter_name,,4,,NO,character varying(100),,
172.16.0.13/cobol_analysis_db,public,document_master,parameter_value,,5,,YES,text,,
172.16.0.13/cobol_analysis_db,public,document_master,display_order,,6,,YES,integer,,
172.16.0.13/cobol_analysis_db,public,document_master,template_path,,7,,YES,text,,
172.16.0.13/cobol_analysis_db,public,document_master,format_config,,8,,YES,jsonb,,
172.16.0.13/cobol_analysis_db,public,document_master,description,,9,,YES,text,,
172.16.0.13/cobol_analysis_db,public,document_master,is_active,,10,true,YES,boolean,,
172.16.0.13/cobol_analysis_db,public,document_master,created_at,,11,CURRENT_TIMESTAMP,YES,timestamp(6) with time zone,,
172.16.0.13/cobol_analysis_db,public,document_master,updated_at,,12,CURRENT_TIMESTAMP,YES,timestamp(6) with time zone,,
172.16.0.13/cobol_analysis_db,public,environment_master,id,,1,,NO,serial,,
172.16.0.13/cobol_analysis_db,public,environment_master,env_key,,2,,NO,character varying(50),,
172.16.0.13/cobol_analysis_db,public,environment_master,env_value,,3,,YES,text,,
172.16.0.13/cobol_analysis_db,public,environment_master,env_description,,4,,YES,text,,
172.16.0.13/cobol_analysis_db,public,environment_master,update_user,,5,,YES,character varying(50),,
172.16.0.13/cobol_analysis_db,public,environment_master,created_at,,6,CURRENT_TIMESTAMP,YES,timestamp(6) with time zone,,
172.16.0.13/cobol_analysis_db,public,environment_master,updated_at,,7,CURRENT_TIMESTAMP,YES,timestamp(6) with time zone,,
172.16.0.13/cobol_analysis_db,public,logs,id,,1,,NO,serial,1,
172.16.0.13/cobol_analysis_db,public,logs,file_name,,2,,YES,character varying(255),,
172.16.0.13/cobol_analysis_db,public,logs,log_content,,3,,YES,text,,
172.16.0.13/cobol_analysis_db,public,logs,start_time,,4,,YES,timestamp(6) without time zone,,
172.16.0.13/cobol_analysis_db,public,logs,end_time,,5,,YES,timestamp(6) without time zone,,
172.16.0.13/cobol_analysis_db,public,logs,created_at,,6,CURRENT_TIMESTAMP,YES,timestamp(6) with time zone,,
172.16.0.13/cobol_analysis_db,public,metadata,id,,1,,NO,serial,1,
172.16.0.13/cobol_analysis_db,public,metadata,file_name,,2,,YES,character varying(255),,
172.16.0.13/cobol_analysis_db,public,metadata,file_size,,3,,YES,bigint,,
172.16.0.13/cobol_analysis_db,public,metadata,line_count,,4,,YES,integer,,
172.16.0.13/cobol_analysis_db,public,metadata,division_count,,5,,YES,jsonb,,
172.16.0.13/cobol_analysis_db,public,metadata,procedure_count,,6,,YES,integer,,
172.16.0.13/cobol_analysis_db,public,metadata,variable_count,,7,,YES,integer,,
172.16.0.13/cobol_analysis_db,public,metadata,comment_line_count,,8,,YES,integer,,
172.16.0.13/cobol_analysis_db,public,metadata,last_modified,,9,,YES,timestamp(6) without time zone,,
172.16.0.13/cobol_analysis_db,public,metadata,processing_duration,,10,,YES,interval,,
172.16.0.13/cobol_analysis_db,public,metadata,start_time,,11,,YES,timestamp(6) without time zone,,
172.16.0.13/cobol_analysis_db,public,metadata,end_time,,12,,YES,timestamp(6) without time zone,,
172.16.0.13/cobol_analysis_db,public,metadata,additional_info,,13,,YES,jsonb,,
172.16.0.13/cobol_analysis_db,public,single_analysis_master,analysis_id,,1,,NO,serial,1,
172.16.0.13/cobol_analysis_db,public,single_analysis_master,analysis_type,,2,,NO,character varying(50),,
172.16.0.13/cobol_analysis_db,public,single_analysis_master,process_type,,3,,NO,character varying(50),,
172.16.0.13/cobol_analysis_db,public,single_analysis_master,parameter_name,,4,,NO,character varying(100),,
172.16.0.13/cobol_analysis_db,public,single_analysis_master,parameter_value,,5,,YES,text,,
172.16.0.13/cobol_analysis_db,public,single_analysis_master,data_type,,6,,NO,character varying(20),,
172.16.0.13/cobol_analysis_db,public,single_analysis_master,default_value,,7,,YES,text,,
172.16.0.13/cobol_analysis_db,public,single_analysis_master,is_required,,8,false,YES,boolean,,
172.16.0.13/cobol_analysis_db,public,single_analysis_master,validation_rule,,9,,YES,text,,
172.16.0.13/cobol_analysis_db,public,single_analysis_master,description,,10,,YES,text,,
172.16.0.13/cobol_analysis_db,public,single_analysis_master,is_active,,11,true,YES,boolean,,
172.16.0.13/cobol_analysis_db,public,single_analysis_master,created_at,,12,CURRENT_TIMESTAMP,YES,timestamp(6) with time zone,,
172.16.0.13/cobol_analysis_db,public,single_analysis_master,updated_at,,13,CURRENT_TIMESTAMP,YES,timestamp(6) with time zone,,
172.16.0.13/cobol_analysis_db,public,summary_analysis_master,summary_id,,1,,NO,serial,1,
172.16.0.13/cobol_analysis_db,public,summary_analysis_master,analysis_type,,2,,NO,character varying(50),,
172.16.0.13/cobol_analysis_db,public,summary_analysis_master,process_type,,3,,NO,character varying(50),,
172.16.0.13/cobol_analysis_db,public,summary_analysis_master,parameter_name,,4,,NO,character varying(100),,
172.16.0.13/cobol_analysis_db,public,summary_analysis_master,parameter_value,,5,,YES,text,,
172.16.0.13/cobol_analysis_db,public,summary_analysis_master,data_type,,6,,NO,character varying(20),,
172.16.0.13/cobol_analysis_db,public,summary_analysis_master,default_value,,7,,YES,text,,
172.16.0.13/cobol_analysis_db,public,summary_analysis_master,is_required,,8,false,YES,boolean,,
172.16.0.13/cobol_analysis_db,public,summary_analysis_master,validation_rule,,9,,YES,text,,
172.16.0.13/cobol_analysis_db,public,summary_analysis_master,description,,10,,YES,text,,
172.16.0.13/cobol_analysis_db,public,summary_analysis_master,is_active,,11,true,YES,boolean,,
172.16.0.13/cobol_analysis_db,public,summary_analysis_master,created_at,,12,CURRENT_TIMESTAMP,YES,timestamp(6) with time zone,,
172.16.0.13/cobol_analysis_db,public,summary_analysis_master,updated_at,,13,CURRENT_TIMESTAMP,YES,timestamp(6) with time zone,,

TABLE_CATALOG,TABLE_SCHEMA,TABLE_NAME,INDEX_NAME,COLUMNS,IS_PRIMARY_KEY,UNIQUE,CREATE_OPTION
172.16.0.13/cobol_analysis_db,public,analysis_logs,analysis_logs_pkey,log_id,YES,YES,
172.16.0.13/cobol_analysis_db,public,analysis_logs,idx_analysis_logs_level,log_level,NO,NO,
172.16.0.13/cobol_analysis_db,public,analysis_logs,idx_analysis_logs_task,task_id,NO,NO,
172.16.0.13/cobol_analysis_db,public,analysis_results,analysis_results_pkey,result_id,YES,YES,
172.16.0.13/cobol_analysis_db,public,analysis_results,idx_analysis_results_task,task_id,NO,NO,
172.16.0.13/cobol_analysis_db,public,analysis_results,idx_analysis_results_type,result_type,NO,NO,
172.16.0.13/cobol_analysis_db,public,analysis_sources,analysis_sources_pkey,source_id,YES,YES,
172.16.0.13/cobol_analysis_db,public,analysis_sources,idx_analysis_sources_task,task_id,NO,NO,
172.16.0.13/cobol_analysis_db,public,analysis_tasks,analysis_tasks_pkey,task_id,YES,YES,
172.16.0.13/cobol_analysis_db,public,analysis_tasks,idx_analysis_tasks_status,status,NO,NO,
172.16.0.13/cobol_analysis_db,public,analysis_tasks,idx_analysis_tasks_type,task_type,NO,NO,
172.16.0.13/cobol_analysis_db,public,benchmark_master,benchmark_master_pkey,benchmark_id,YES,YES,
172.16.0.13/cobol_analysis_db,public,benchmark_master,benchmark_master_category_sub_category_metric_name_key,"category,sub_category,metric_name",NO,Constraint,
172.16.0.13/cobol_analysis_db,public,dashboard_master,dashboard_master_pkey,dashboard_id,YES,YES,
172.16.0.13/cobol_analysis_db,public,dashboard_master,dashboard_master_dashboard_type_component_type_parameter_na_key,"dashboard_type,component_type,parameter_name",NO,Constraint,
172.16.0.13/cobol_analysis_db,public,document_master,document_master_pkey,document_id,YES,YES,
172.16.0.13/cobol_analysis_db,public,document_master,document_master_document_type_section_type_parameter_name_key,"document_type,section_type,parameter_name",NO,Constraint,
172.16.0.13/cobol_analysis_db,public,environment_master,environment_master_pkey,environment_id,YES,YES,
172.16.0.13/cobol_analysis_db,public,environment_master,environment_master_category_name_key,"category,name",NO,Constraint,
172.16.0.13/cobol_analysis_db,public,logs,logs_pkey,id,YES,YES,
172.16.0.13/cobol_analysis_db,public,logs,idx_logs_file_name,file_name,NO,NO,
172.16.0.13/cobol_analysis_db,public,logs,idx_logs_start_time,start_time,NO,NO,
172.16.0.13/cobol_analysis_db,public,metadata,metadata_pkey,id,YES,YES,
172.16.0.13/cobol_analysis_db,public,metadata,idx_metadata_file_name,file_name,NO,NO,
172.16.0.13/cobol_analysis_db,public,metadata,idx_metadata_start_time,start_time,NO,NO,
172.16.0.13/cobol_analysis_db,public,single_analysis_master,single_analysis_master_pkey,analysis_id,YES,YES,
172.16.0.13/cobol_analysis_db,public,single_analysis_master,single_analysis_master_analysis_type_process_type_parameter_key,"analysis_type,process_type,parameter_name",NO,Constraint,
172.16.0.13/cobol_analysis_db,public,summary_analysis_master,summary_analysis_master_pkey,summary_id,YES,YES,
172.16.0.13/cobol_analysis_db,public,summary_analysis_master,summary_analysis_master_analysis_type_process_type_paramete_key,"analysis_type,process_type,parameter_name",NO,Constraint,

TABLE_CATALOG,TABLE_SCHEMA,TABLE_NAME,CONSTRAINT_NAME,CONSTRAINT_TYPE,CONSTRAINT_CONTENTS
172.16.0.13/cobol_analysis_db,public,analysis_logs,2200_1308150_1_not_null,CHECK,log_id IS NOT NULL
172.16.0.13/cobol_analysis_db,public,analysis_logs,2200_1308150_4_not_null,CHECK,log_level IS NOT NULL
172.16.0.13/cobol_analysis_db,public,analysis_logs,2200_1308150_5_not_null,CHECK,component IS NOT NULL
172.16.0.13/cobol_analysis_db,public,analysis_logs,2200_1308150_6_not_null,CHECK,message IS NOT NULL
172.16.0.13/cobol_analysis_db,public,analysis_logs,analysis_logs_pkey,PRIMARY KEY,log_id
172.16.0.13/cobol_analysis_db,public,analysis_results,2200_1308170_1_not_null,CHECK,result_id IS NOT NULL
172.16.0.13/cobol_analysis_db,public,analysis_results,2200_1308170_4_not_null,CHECK,result_type IS NOT NULL
172.16.0.13/cobol_analysis_db,public,analysis_results,2200_1308170_5_not_null,CHECK,status IS NOT NULL
172.16.0.13/cobol_analysis_db,public,analysis_results,analysis_results_pkey,PRIMARY KEY,result_id
172.16.0.13/cobol_analysis_db,public,analysis_sources,2200_1308135_1_not_null,CHECK,source_id IS NOT NULL
172.16.0.13/cobol_analysis_db,public,analysis_sources,2200_1308135_3_not_null,CHECK,file_path IS NOT NULL
172.16.0.13/cobol_analysis_db,public,analysis_sources,2200_1308135_4_not_null,CHECK,file_type IS NOT NULL
172.16.0.13/cobol_analysis_db,public,analysis_sources,2200_1308135_5_not_null,CHECK,file_hash IS NOT NULL
172.16.0.13/cobol_analysis_db,public,analysis_sources,2200_1308135_6_not_null,CHECK,file_size IS NOT NULL
172.16.0.13/cobol_analysis_db,public,analysis_sources,analysis_sources_pkey,PRIMARY KEY,source_id
172.16.0.13/cobol_analysis_db,public,analysis_tasks,2200_1308124_11_not_null,CHECK,created_by IS NOT NULL
172.16.0.13/cobol_analysis_db,public,analysis_tasks,2200_1308124_1_not_null,CHECK,task_id IS NOT NULL
172.16.0.13/cobol_analysis_db,public,analysis_tasks,2200_1308124_2_not_null,CHECK,source_id IS NOT NULL
172.16.0.13/cobol_analysis_db,public,analysis_tasks,2200_1308124_3_not_null,CHECK,task_type IS NOT NULL
172.16.0.13/cobol_analysis_db,public,analysis_tasks,2200_1308124_4_not_null,CHECK,status IS NOT NULL
172.16.0.13/cobol_analysis_db,public,analysis_tasks,2200_1308124_6_not_null,CHECK,source_path IS NOT NULL
172.16.0.13/cobol_analysis_db,public,analysis_tasks,2200_1308124_7_not_null,CHECK,analysis_config IS NOT NULL
172.16.0.13/cobol_analysis_db,public,analysis_tasks,analysis_tasks_pkey,PRIMARY KEY,task_id
172.16.0.13/cobol_analysis_db,public,benchmark_master,2200_1308110_1_not_null,CHECK,benchmark_id IS NOT NULL
172.16.0.13/cobol_analysis_db,public,benchmark_master,2200_1308110_2_not_null,CHECK,category IS NOT NULL
172.16.0.13/cobol_analysis_db,public,benchmark_master,2200_1308110_3_not_null,CHECK,sub_category IS NOT NULL
172.16.0.13/cobol_analysis_db,public,benchmark_master,2200_1308110_4_not_null,CHECK,metric_name IS NOT NULL
172.16.0.13/cobol_analysis_db,public,benchmark_master,benchmark_master_pkey,PRIMARY KEY,benchmark_id
172.16.0.13/cobol_analysis_db,public,benchmark_master,benchmark_master_category_sub_category_metric_name_key,UNIQUE,"category,sub_category,metric_name"
172.16.0.13/cobol_analysis_db,public,dashboard_master,2200_1308081_1_not_null,CHECK,dashboard_id IS NOT NULL
172.16.0.13/cobol_analysis_db,public,dashboard_master,2200_1308081_2_not_null,CHECK,dashboard_type IS NOT NULL
172.16.0.13/cobol_analysis_db,public,dashboard_master,2200_1308081_3_not_null,CHECK,component_type IS NOT NULL
172.16.0.13/cobol_analysis_db,public,dashboard_master,2200_1308081_4_not_null,CHECK,parameter_name IS NOT NULL
172.16.0.13/cobol_analysis_db,public,dashboard_master,dashboard_master_pkey,PRIMARY KEY,dashboard_id
172.16.0.13/cobol_analysis_db,public,dashboard_master,dashboard_master_dashboard_type_component_type_parameter_na_key,UNIQUE,"dashboard_type,component_type,parameter_name"
172.16.0.13/cobol_analysis_db,public,document_master,2200_1308096_1_not_null,CHECK,document_id IS NOT NULL
172.16.0.13/cobol_analysis_db,public,document_master,2200_1308096_2_not_null,CHECK,document_type IS NOT NULL
172.16.0.13/cobol_analysis_db,public,document_master,2200_1308096_3_not_null,CHECK,section_type IS NOT NULL
172.16.0.13/cobol_analysis_db,public,document_master,2200_1308096_4_not_null,CHECK,parameter_name IS NOT NULL
172.16.0.13/cobol_analysis_db,public,document_master,document_master_pkey,PRIMARY KEY,document_id
172.16.0.13/cobol_analysis_db,public,document_master,document_master_document_type_section_type_parameter_name_key,UNIQUE,"document_type,section_type,parameter_name"
172.16.0.13/cobol_analysis_db,public,environment_master,2200_1308036_1_not_null,CHECK,environment_id IS NOT NULL
172.16.0.13/cobol_analysis_db,public,environment_master,2200_1308036_2_not_null,CHECK,category IS NOT NULL
172.16.0.13/cobol_analysis_db,public,environment_master,2200_1308036_4_not_null,CHECK,name IS NOT NULL
172.16.0.13/cobol_analysis_db,public,environment_master,environment_master_pkey,PRIMARY KEY,environment_id
172.16.0.13/cobol_analysis_db,public,environment_master,environment_master_category_name_key,UNIQUE,"category,name"
172.16.0.13/cobol_analysis_db,public,logs,2200_1307628_1_not_null,CHECK,id IS NOT NULL
172.16.0.13/cobol_analysis_db,public,logs,logs_pkey,PRIMARY KEY,id
172.16.0.13/cobol_analysis_db,public,metadata,2200_1307637_1_not_null,CHECK,id IS NOT NULL
172.16.0.13/cobol_analysis_db,public,metadata,metadata_pkey,PRIMARY KEY,id
172.16.0.13/cobol_analysis_db,public,single_analysis_master,2200_1308051_1_not_null,CHECK,analysis_id IS NOT NULL
172.16.0.13/cobol_analysis_db,public,single_analysis_master,2200_1308051_2_not_null,CHECK,analysis_type IS NOT NULL
172.16.0.13/cobol_analysis_db,public,single_analysis_master,2200_1308051_3_not_null,CHECK,process_type IS NOT NULL
172.16.0.13/cobol_analysis_db,public,single_analysis_master,2200_1308051_4_not_null,CHECK,parameter_name IS NOT NULL
172.16.0.13/cobol_analysis_db,public,single_analysis_master,2200_1308051_6_not_null,CHECK,data_type IS NOT NULL
172.16.0.13/cobol_analysis_db,public,single_analysis_master,single_analysis_master_pkey,PRIMARY KEY,analysis_id
172.16.0.13/cobol_analysis_db,public,single_analysis_master,single_analysis_master_analysis_type_process_type_parameter_key,UNIQUE,"analysis_type,process_type,parameter_name"
172.16.0.13/cobol_analysis_db,public,summary_analysis_master,2200_1308066_1_not_null,CHECK,summary_id IS NOT NULL
172.16.0.13/cobol_analysis_db,public,summary_analysis_master,2200_1308066_2_not_null,CHECK,analysis_type IS NOT NULL
172.16.0.13/cobol_analysis_db,public,summary_analysis_master,2200_1308066_3_not_null,CHECK,process_type IS NOT NULL
172.16.0.13/cobol_analysis_db,public,summary_analysis_master,2200_1308066_4_not_null,CHECK,parameter_name IS NOT NULL
172.16.0.13/cobol_analysis_db,public,summary_analysis_master,2200_1308066_6_not_null,CHECK,data_type IS NOT NULL
172.16.0.13/cobol_analysis_db,public,summary_analysis_master,summary_analysis_master_pkey,PRIMARY KEY,summary_id
172.16.0.13/cobol_analysis_db,public,summary_analysis_master,summary_analysis_master_analysis_type_process_type_paramete_key,UNIQUE,"analysis_type,process_type,parameter_name"

CONSTRAINT_CATALOG,CONSTRAINT_SCHEMA,CONSTRAINT_NAME,TABLE_SCHEMA,TABLE_NAME,COLUMNS,CARDINARITY,REFERENCED_TABLE_SCHEMA,REFERENCED_TABLE_NAME,REFERENCED_COLUMNS,UPDATE_RULE,DELETE_RULE
172.16.0.13/cobol_analysis_db,,analysis_logs_source_id_fkey,public,analysis_logs,source_id,,public,analysis_sources,source_id,,
172.16.0.13/cobol_analysis_db,,analysis_logs_task_id_fkey,public,analysis_logs,task_id,,public,analysis_tasks,task_id,,
172.16.0.13/cobol_analysis_db,,analysis_results_source_id_fkey,public,analysis_results,source_id,,public,analysis_sources,source_id,,
172.16.0.13/cobol_analysis_db,,analysis_results_task_id_fkey,public,analysis_results,task_id,,public,analysis_tasks,task_id,,
172.16.0.13/cobol_analysis_db,,analysis_sources_task_id_fkey,public,analysis_sources,task_id,,public,analysis_tasks,task_id,,

TABLE_CATALOG,TABLE_SCHEMA,TABLE_NAME,PROPERTIE_NAME,PROPERTIE_VALUE
172.16.0.13/cobol_analysis_db,public,analysis_logs,schemaname,public
172.16.0.13/cobol_analysis_db,public,analysis_logs,tablename,analysis_logs
172.16.0.13/cobol_analysis_db,public,analysis_logs,tableowner,cobana_admin
172.16.0.13/cobol_analysis_db,public,analysis_logs,tablespace,
172.16.0.13/cobol_analysis_db,public,analysis_logs,hasindexes,True
172.16.0.13/cobol_analysis_db,public,analysis_logs,hasrules,False
172.16.0.13/cobol_analysis_db,public,analysis_logs,hastriggers,True
172.16.0.13/cobol_analysis_db,public,analysis_logs,rowsecurity,False
172.16.0.13/cobol_analysis_db,public,analysis_results,schemaname,public
172.16.0.13/cobol_analysis_db,public,analysis_results,tablename,analysis_results
172.16.0.13/cobol_analysis_db,public,analysis_results,tableowner,cobana_admin
172.16.0.13/cobol_analysis_db,public,analysis_results,tablespace,
172.16.0.13/cobol_analysis_db,public,analysis_results,hasindexes,True
172.16.0.13/cobol_analysis_db,public,analysis_results,hasrules,False
172.16.0.13/cobol_analysis_db,public,analysis_results,hastriggers,True
172.16.0.13/cobol_analysis_db,public,analysis_results,rowsecurity,False
172.16.0.13/cobol_analysis_db,public,analysis_sources,schemaname,public
172.16.0.13/cobol_analysis_db,public,analysis_sources,tablename,analysis_sources
172.16.0.13/cobol_analysis_db,public,analysis_sources,tableowner,cobana_admin
172.16.0.13/cobol_analysis_db,public,analysis_sources,tablespace,
172.16.0.13/cobol_analysis_db,public,analysis_sources,hasindexes,True
172.16.0.13/cobol_analysis_db,public,analysis_sources,hasrules,False
172.16.0.13/cobol_analysis_db,public,analysis_sources,hastriggers,True
172.16.0.13/cobol_analysis_db,public,analysis_sources,rowsecurity,False
172.16.0.13/cobol_analysis_db,public,analysis_tasks,schemaname,public
172.16.0.13/cobol_analysis_db,public,analysis_tasks,tablename,analysis_tasks
172.16.0.13/cobol_analysis_db,public,analysis_tasks,tableowner,cobana_admin
172.16.0.13/cobol_analysis_db,public,analysis_tasks,tablespace,
172.16.0.13/cobol_analysis_db,public,analysis_tasks,hasindexes,True
172.16.0.13/cobol_analysis_db,public,analysis_tasks,hasrules,False
172.16.0.13/cobol_analysis_db,public,analysis_tasks,hastriggers,True
172.16.0.13/cobol_analysis_db,public,analysis_tasks,rowsecurity,False
172.16.0.13/cobol_analysis_db,public,benchmark_master,schemaname,public
172.16.0.13/cobol_analysis_db,public,benchmark_master,tablename,benchmark_master
172.16.0.13/cobol_analysis_db,public,benchmark_master,tableowner,cobana_admin
172.16.0.13/cobol_analysis_db,public,benchmark_master,tablespace,
172.16.0.13/cobol_analysis_db,public,benchmark_master,hasindexes,True
172.16.0.13/cobol_analysis_db,public,benchmark_master,hasrules,False
172.16.0.13/cobol_analysis_db,public,benchmark_master,hastriggers,False
172.16.0.13/cobol_analysis_db,public,benchmark_master,rowsecurity,False
172.16.0.13/cobol_analysis_db,public,dashboard_master,schemaname,public
172.16.0.13/cobol_analysis_db,public,dashboard_master,tablename,dashboard_master
172.16.0.13/cobol_analysis_db,public,dashboard_master,tableowner,cobana_admin
172.16.0.13/cobol_analysis_db,public,dashboard_master,tablespace,
172.16.0.13/cobol_analysis_db,public,dashboard_master,hasindexes,True
172.16.0.13/cobol_analysis_db,public,dashboard_master,hasrules,False
172.16.0.13/cobol_analysis_db,public,dashboard_master,hastriggers,False
172.16.0.13/cobol_analysis_db,public,dashboard_master,rowsecurity,False
172.16.0.13/cobol_analysis_db,public,document_master,schemaname,public
172.16.0.13/cobol_analysis_db,public,document_master,tablename,document_master
172.16.0.13/cobol_analysis_db,public,document_master,tableowner,cobana_admin
172.16.0.13/cobol_analysis_db,public,document_master,tablespace,
172.16.0.13/cobol_analysis_db,public,document_master,hasindexes,True
172.16.0.13/cobol_analysis_db,public,document_master,hasrules,False
172.16.0.13/cobol_analysis_db,public,document_master,hastriggers,False
172.16.0.13/cobol_analysis_db,public,document_master,rowsecurity,False
172.16.0.13/cobol_analysis_db,public,environment_master,schemaname,public
172.16.0.13/cobol_analysis_db,public,environment_master,tablename,environment_master
172.16.0.13/cobol_analysis_db,public,environment_master,tableowner,cobana_admin
172.16.0.13/cobol_analysis_db,public,environment_master,tablespace,
172.16.0.13/cobol_analysis_db,public,environment_master,hasindexes,True
172.16.0.13/cobol_analysis_db,public,environment_master,hasrules,False
172.16.0.13/cobol_analysis_db,public,environment_master,hastriggers,False
172.16.0.13/cobol_analysis_db,public,environment_master,rowsecurity,False
172.16.0.13/cobol_analysis_db,public,logs,schemaname,public
172.16.0.13/cobol_analysis_db,public,logs,tablename,logs
172.16.0.13/cobol_analysis_db,public,logs,tableowner,cobana_admin
172.16.0.13/cobol_analysis_db,public,logs,tablespace,
172.16.0.13/cobol_analysis_db,public,logs,hasindexes,True
172.16.0.13/cobol_analysis_db,public,logs,hasrules,False
172.16.0.13/cobol_analysis_db,public,logs,hastriggers,False
172.16.0.13/cobol_analysis_db,public,logs,rowsecurity,False
172.16.0.13/cobol_analysis_db,public,metadata,schemaname,public
172.16.0.13/cobol_analysis_db,public,metadata,tablename,metadata
172.16.0.13/cobol_analysis_db,public,metadata,tableowner,cobana_admin
172.16.0.13/cobol_analysis_db,public,metadata,tablespace,
172.16.0.13/cobol_analysis_db,public,metadata,hasindexes,True
172.16.0.13/cobol_analysis_db,public,metadata,hasrules,False
172.16.0.13/cobol_analysis_db,public,metadata,hastriggers,False
172.16.0.13/cobol_analysis_db,public,metadata,rowsecurity,False
172.16.0.13/cobol_analysis_db,public,single_analysis_master,schemaname,public
172.16.0.13/cobol_analysis_db,public,single_analysis_master,tablename,single_analysis_master
172.16.0.13/cobol_analysis_db,public,single_analysis_master,tableowner,cobana_admin
172.16.0.13/cobol_analysis_db,public,single_analysis_master,tablespace,
172.16.0.13/cobol_analysis_db,public,single_analysis_master,hasindexes,True
172.16.0.13/cobol_analysis_db,public,single_analysis_master,hasrules,False
172.16.0.13/cobol_analysis_db,public,single_analysis_master,hastriggers,False
172.16.0.13/cobol_analysis_db,public,single_analysis_master,rowsecurity,False
172.16.0.13/cobol_analysis_db,public,summary_analysis_master,schemaname,public
172.16.0.13/cobol_analysis_db,public,summary_analysis_master,tablename,summary_analysis_master
172.16.0.13/cobol_analysis_db,public,summary_analysis_master,tableowner,cobana_admin
172.16.0.13/cobol_analysis_db,public,summary_analysis_master,tablespace,
172.16.0.13/cobol_analysis_db,public,summary_analysis_master,hasindexes,True
172.16.0.13/cobol_analysis_db,public,summary_analysis_master,hasrules,False
172.16.0.13/cobol_analysis_db,public,summary_analysis_master,hastriggers,False
172.16.0.13/cobol_analysis_db,public,summary_analysis_master,rowsecurity,False

